Date,Open,High,Low,Close,Volume,Dividends,Stock Splits,Daily_Return,Volatility_30d
2023-11-06 05:00:00+00:00,45.2583272965,45.9079459759,44.8725530618,45.7240524292,400733000,0.0,0.0,,
2023-11-07 05:00:00+00:00,45.6920716905,46.1907744987,45.1314013154,45.9279327393,343165000,0.0,0.0,0.004458929147098001,
2023-11-08 05:00:00+00:00,46.0728461677,46.839396519,45.9409239445,46.5465698242,346719000,0.0,0.0,0.013469735039274733,
2023-11-09 05:00:00+00:00,47.439034097,48.2015850672,46.7224574596,46.9223403931,540496000,0.0,0.0,0.008073002378461647,
2023-11-10 05:00:00+00:00,47.4720227248,48.4434503434,47.2551514823,48.3065299988,421245000,0.0,0.0,0.029499585785869087,
2023-11-13 05:00:00+00:00,48.2915356693,49.0870682004,48.0706651835,48.5913581848,384136000,0.0,0.0,0.005896266736755251,
2023-11-14 05:00:00+00:00,49.6507388841,49.8046475074,49.0111164528,49.626750946,416954000,0.0,0.0,0.021308166716852206,
2023-11-15 05:00:00+00:00,49.9055874948,49.9305704812,48.1716088749,48.8592033386,475497000,0.0,0.0,-0.015466408595541381,
2023-11-16 05:00:00+00:00,48.6503321177,49.4958345503,48.3015386318,49.4508590698,339756000,0.0,0.0,0.012109401929862873,
2023-11-17 05:00:00+00:00,49.4948314999,49.6877186271,48.9781376909,49.2689666748,325205000,0.0,0.0,-0.0036782454020316546,
2023-11-20 05:00:00+00:00,49.282952863,50.5182248538,49.1520295106,50.3793067932,414120000,0.0,0.0,0.022536298066261562,
2023-11-21 05:00:00+00:00,50.0964694722,50.4872379693,49.1930027032,49.9145774841,565747000,0.0,0.0,-0.00922460705955419,
2023-11-22 05:00:00+00:00,49.8226340188,50.3053473852,47.6619050631,48.6873016357,899420000,0.0,0.0,-0.024587523530394284,
2023-11-24 05:00:00+00:00,48.4414514189,48.8921859844,47.716876171,47.7478599548,294645000,0.0,0.0,-0.01929541480711594,
2023-11-27 05:00:00+00:00,47.7718401266,48.5014096241,47.6239285033,48.2135810852,395662000,0.0,0.0,0.009753759243678495,
2023-11-28 05:00:00+00:00,48.2075878909,48.2945384452,47.4450368283,47.7928314209,401491000,0.0,0.0,-0.008726787241886802,
2023-11-29 05:00:00+00:00,48.3505100331,48.7332838954,47.8318146784,48.1116485596,382005000,0.0,0.0,0.006670815041114775,
2023-11-30 05:00:00+00:00,47.9957098528,48.0816615432,46.3946561296,46.7424507141,526247000,0.0,0.0,-0.02845875970772138,
2023-12-01 05:00:00+00:00,46.4975931674,47.1721947555,46.1597910362,46.737449646,369317000,0.0,0.0,-0.00010699199600361364,
2023-12-04 05:00:00+00:00,46.0498598167,46.0498598167,44.9834869492,45.4831924438,437543000,0.0,0.0,-0.026836235432186162,
2023-12-05 05:00:00+00:00,45.4432163179,46.5766469351,45.2483143385,46.5426673889,371718000,0.004,0.0,0.02329376827295282,
2023-12-06 05:00:00+00:00,47.1913379064,47.3632525915,45.3892400938,45.4801940918,380590000,0.0,0.0,-0.02282794168675839,
2023-12-07 05:00:00+00:00,45.6770962549,46.6056315009,45.5811436984,46.5726470947,350823000,0.0,0.0,0.024020412065413055,
2023-12-08 05:00:00+00:00,46.5716502403,47.7170758335,46.5266708093,47.4821929932,359224000,0.0,0.0,0.01952961567012812,
2023-12-11 05:00:00+00:00,47.4672031526,47.5071802107,45.8070361895,46.6036338806,509728000,0.0,0.0,-0.018502917772265093,
2023-12-12 05:00:00+00:00,46.0229249848,47.6421120367,46.0229249848,47.6331176758,372387000,0.0,0.0,0.02209020433551534,
2023-12-13 05:00:00+00:00,47.6051341847,48.5696507648,47.5841447996,48.0639038086,447792000,0.0,0.0,0.00904383659562269,
2023-12-14 05:00:00+00:00,48.3657483859,48.6456068417,47.3982350008,48.3257675171,391232000,0.0,0.0,0.005448240524589698,
2023-12-15 05:00:00+00:00,48.1698472518,49.3792399309,48.0958830262,48.8654975891,479948000,0.0,0.0,0.011168577339387697,
2023-12-18 05:00:00+00:00,49.3752439211,50.4077233493,49.1253692126,50.051902771,412587000,0.0,0.0,0.024278995209999543,
2023-12-19 05:00:00+00:00,49.3992258154,49.6750884455,48.8704916498,49.5791358948,464444000,0.0,0.0,-0.009445532537754486,0.2775390634258491
2023-12-20 05:00:00+00:00,49.6301122428,49.9739416029,48.073893387,48.0868873596,397894000,0.0,0.0,-0.030098316726744567,0.29341573110789293
2023-12-21 05:00:00+00:00,48.7865391388,49.0703972085,48.3947334854,48.9654502869,300425000,0.0,0.0,0.01827032223420888,0.2954124488097873
2023-12-22 05:00:00+00:00,49.170341649,49.3582471431,48.4427059044,48.8055267334,252507000,0.0,0.0,-0.0032660488683954325,0.2951673244947362
2023-12-26 05:00:00+00:00,48.9434542231,49.5751374146,48.9354588125,49.2542991638,244200000,0.0,0.0,0.009195114988747477,0.28407622674927896
2023-12-27 05:00:00+00:00,49.4861932858,49.6551073245,49.0604042389,49.3922386169,233648000,0.0,0.0,0.0028005566101199086,0.2837354095551542
2023-12-28 05:00:00+00:00,49.6181224946,49.8589990309,49.3872354562,49.4971809387,246587000,0.0,0.0,0.0021246723116552513,0.276995158816555
2023-12-29 05:00:00+00:00,49.7880354673,49.9719451756,48.7265674242,49.4971809387,389293000,0.0,0.0,0.0,0.27306068203990264
2024-01-02 05:00:00+00:00,49.2193169392,49.2702900649,47.5711452052,48.1438560486,411254000,0.0,0.0,-0.027341453885546096,0.28236146436657605
2024-01-03 05:00:00+00:00,47.4611970456,48.1598441455,47.2962788427,47.5451545715,320896000,0.0,0.0,-0.012435677700922576,0.28428780167095413
2024-01-04 05:00:00+00:00,47.7430623796,48.4756967835,47.4841932924,47.9739494324,306535000,0.0,0.0,0.009018686862299674,0.2771603681875783
2024-01-05 05:00:00+00:00,48.4377152305,49.5221705713,48.2817913657,49.0723953247,415039000,0.0,0.0,0.022896715932212652,0.28488995240299975
2024-01-08 05:00:00+00:00,49.4871868602,52.2488026017,49.4542024534,52.2268104553,642510000,0.0,0.0,0.06428084689422664,0.3319063681830658
2024-01-09 05:00:00+00:00,52.3747446758,54.2977804135,51.6640985842,53.1133728027,773100000,0.0,0.0,0.016975234360880442,0.32778222251649186
2024-01-10 05:00:00+00:00,53.5891320258,54.5726362507,53.4621929559,54.3227615356,533796000,0.0,0.0,0.022769947926156275,0.33199409991859924
2024-01-11 05:00:00+00:00,54.97143457,55.3182607726,53.5331566329,54.7945213318,596759000,0.0,0.0,0.00868438538219074,0.3299343550390367
2024-01-12 05:00:00+00:00,54.592623995,54.9424508666,54.3027722375,54.6825790405,352994000,0.0,0.0,-0.0020429467869998996,0.3304653414947778
2024-01-16 05:00:00+00:00,54.9904296524,56.8065166043,54.8724887569,56.3537445068,449580000,0.0,0.0,0.030561204237683492,0.3235382968885848
2024-01-17 05:00:00+00:00,56.3187613515,56.4426997569,54.7125682686,56.0249099731,474394000,0.0,0.0,-0.005835185160771639,0.3249701076355782
2024-01-18 05:00:00+00:00,57.2313037903,57.5711335596,56.0788817117,57.0783805847,491650000,0.0,0.0,0.018803610967082607,0.3112083828048234
2024-01-19 05:00:00+00:00,57.9599355123,59.4701798161,57.1963184745,59.4611854553,543501000,0.0,0.0,0.04174618912083705,0.32355103891140213
2024-01-22 05:00:00+00:00,60.0189022083,60.3007623597,59.0403928082,59.6240997314,452955000,0.0,0.0,0.0027398423837761143,0.3103250152315521
2024-01-23 05:00:00+00:00,59.5401451406,59.8799748961,58.5556381807,59.8429946899,294654000,0.0,0.0,0.0036712497041648806,0.307499740459304
2024-01-24 05:00:00+00:00,60.2737770247,62.8174996631,59.907959332,61.3312454224,560271000,0.0,0.0,0.02486925562819775,0.3095360086326946
2024-01-25 05:00:00+00:00,62.3187511506,62.6875695168,60.8195028905,61.5861206055,482777000,0.0,0.0,0.004155715106461955,0.2989877073834159
2024-01-26 05:00:00+00:00,60.9294484237,61.7520378303,60.542645148,61.0004119873,390309000,0.0,0.0,-0.00951039962318545,0.301446052838468
2024-01-29 05:00:00+00:00,61.2013054595,62.4576753486,60.8764714184,62.4336891174,348733000,0.0,0.0,0.023496187704411087,0.30458686483776076
2024-01-30 05:00:00+00:00,62.8684785698,63.4611798873,62.2287961093,62.7425384521,410735000,0.0,0.0,0.004946837822112915,0.30464017041922614
2024-01-31 05:00:00+00:00,61.4092042203,62.2377910955,60.6695772516,61.4961624146,453795000,0.0,0.0,-0.01986492845601917,0.3157222832380497
2024-02-01 05:00:00+00:00,62.0688773436,63.1593340101,61.6191059092,62.9954147339,369146000,0.0,0.0,0.024379607774420275,0.3157678220516302
2024-02-02 05:00:00+00:00,63.9419372328,66.5666206137,63.6580791682,66.1268463135,476578000,0.0,0.0,0.04970888108011562,0.3335959266912363
2024-02-05 05:00:00+00:00,68.1908089621,69.4621746985,67.1713234688,69.2972564697,680078000,0.0,0.0,0.04794437256495554,0.3290223782380695
2024-02-06 05:00:00+00:00,69.5951048741,69.7190432853,66.2667793702,68.1888122559,683111000,0.0,0.0,-0.015995499248728007,0.3386108072585544
2024-02-07 05:00:00+00:00,68.2847515755,70.1847995705,67.5661102448,70.0638580322,495575000,0.0,0.0,0.027497850662998813,0.338837526351367
2024-02-08 05:00:00+00:00,70.0388683193,70.7585085922,69.4201829649,69.606086731,414422000,0.0,0.0,-0.006533629663807772,0.3431457642884283
2024-02-09 05:00:00+00:00,70.4976583326,72.1488310662,70.1768200157,72.096862793,436637000,0.0,0.0,0.03578388297600843,0.34888230153441824
2024-02-12 05:00:00+00:00,72.5636129543,74.5736066716,71.2142910697,72.2117919922,613710000,0.0,0.0,0.0015940943162808807,0.3490282760411763
2024-02-13 05:00:00+00:00,70.3647269138,73.413194106,69.5851189605,72.0918579102,602580000,0.0,0.0,-0.0016608656106049668,0.3495943785108009
2024-02-14 05:00:00+00:00,73.165327739,74.1988062671,71.9019610905,73.8629760742,504917000,0.0,0.0,0.02456752004097562,0.32954190474040446
2024-02-15 05:00:00+00:00,73.8319735011,73.937915545,72.363708127,72.6215744019,420122000,0.0,0.0,-0.016806819035465548,0.33288166450543855
2024-02-16 05:00:00+00:00,74.0628532216,74.3647037855,72.4646557531,72.5765991211,495327000,0.0,0.0,-0.0006193101866822648,0.33540507827768407
2024-02-20 05:00:00+00:00,71.9109350487,71.9199332216,67.7000493838,69.4171905518,704833000,0.0,0.0,-0.043532055890746046,0.373384641097825
2024-02-21 05:00:00+00:00,67.9719156161,68.8534773856,66.2148010271,67.4381866455,673755000,0.0,0.0,-0.028508844719425053,0.3567309065559223
2024-02-22 05:00:00+00:00,74.9874020522,78.5356183615,74.1828051804,78.4986419678,865100000,0.0,0.0,0.16400878897353977,0.5742361695011046
2024-02-23 05:00:00+00:00,80.7495148155,82.3527072855,77.5311272263,78.7775039673,829388000,0.0,0.0,0.0035524436157048367,0.5742998951290581
2024-02-26 05:00:00+00:00,79.6600575647,80.6055902753,78.46565671,79.0523681641,503973000,0.0,0.0,0.003489120408207924,0.5748409964343502
2024-02-27 05:00:00+00:00,79.3412196219,79.4401766634,77.1233373987,78.6615600586,391705000,0.0,0.0,-0.00494366095002674,0.5755566854521332
2024-02-28 05:00:00+00:00,77.5810991272,78.8934369563,77.086344479,77.6240768433,393110000,0.0,0.0,-0.013189202127787847,0.5777816987552244
2024-02-29 05:00:00+00:00,79.0543531992,79.9499001443,78.3107228604,79.0723419189,507289000,0.0,0.0,0.018657420925257684,0.5758153833724815
2024-03-01 05:00:00+00:00,79.9598979014,82.2587480163,79.3951786823,82.2377548218,479135000,0.0,0.0,0.040031859763892896,0.5812091666426411
2024-03-04 05:00:00+00:00,84.0878350536,87.6510508749,83.6770455428,85.1942825317,615616000,0.0,0.0,0.03595097794567059,0.5789442672455634
2024-03-05 05:00:00+00:00,85.2312646361,86.0578924671,83.3791094927,85.924949646,520639000,0.004,0.0,0.008576480634461925,0.5783217793890743
2024-03-06 05:00:00+00:00,87.9820203113,89.6832430511,86.990466522,88.6597061157,582520000,0.0,0.0,0.03182726880803366,0.5801898598158518
2024-03-07 05:00:00+00:00,90.1170388661,92.7248547713,89.5612916977,92.6268997192,608119000,0.0,0.0,0.044746297696079074,0.5863142598814748
2024-03-08 05:00:00+00:00,95.0947871157,97.3557607122,86.4667041412,87.488243103,1142269000,0.0,0.0,-0.05547693630876038,0.6199295447210518
2024-03-11 04:00:00+00:00,86.3897399998,88.7566605401,84.1277674921,85.7350387573,678364000,0.0,0.0,-0.02003931366681977,0.6239118890831464
2024-03-12 04:00:00+00:00,88.0090106311,91.9182296909,86.1108711066,91.8712539673,668075000,0.0,0.0,0.07157184855739662,0.6466730786566135
2024-03-13 04:00:00+00:00,91.0136265108,91.4624199918,88.3948142475,90.8467025757,635713000,0.0,0.0,-0.011152034476036299,0.6502448388306988
2024-03-14 04:00:00+00:00,89.536306426,90.6048209968,86.5606539483,87.904045105,602318000,0.0,0.0,-0.032391461520003606,0.6567583983812052
2024-03-15 04:00:00+00:00,86.8905105938,89.5053195386,86.2178197951,87.7970962524,642086000,0.0,0.0,-0.0012166545063113654,0.6570156974610248
2024-03-18 04:00:00+00:00,90.3469305336,92.3630123531,87.0454299277,88.4148101807,668976000,0.0,0.0,0.007035698840474058,0.6472532419528074
2024-03-19 04:00:00+00:00,86.6606113174,90.5028668539,84.9713842275,89.3573913574,672171000,0.0,0.0,0.010660896910524187,0.6374525633936343
2024-03-20 04:00:00+00:00,89.7562045087,90.3689326268,88.1829220394,90.330947876,479063000,0.0,0.0,0.010895086615790861,0.6329469400584604
2024-03-21 04:00:00+00:00,92.2580756985,92.6059171921,90.3639322333,91.3934631348,480372000,0.0,0.0,0.011762472151388925,0.6308378921586301
2024-03-22 04:00:00+00:00,91.0995900464,94.7349386572,90.7927303212,94.2461624146,586719000,0.0,0.0,0.031213384217560813,0.6319233466328548
2024-03-25 04:00:00+00:00,93.898324419,96.7220379689,93.4675204667,94.9588394165,552136000,0.0,0.0,0.007561867599073846,0.6275368837699189
2024-03-26 04:00:00+00:00,95.8074499566,96.331213962,92.4599724833,92.5189437866,513648000,0.0,0.0,-0.02569424442097845,0.6356218721531506
2024-03-27 04:00:00+00:00,93.0696989458,93.1976391484,89.0825127254,90.2089996338,586067000,0.0,0.0,-0.024967255983034287,0.6425791545440547
2024-03-28 04:00:00+00:00,89.95910798,91.2585203678,89.1524754382,90.3149490356,435212000,0.0,0.0,0.0011744881578343858,0.6409927771414106
2024-04-01 04:00:00+00:00,90.2579789035,92.1830987574,89.1634751644,90.3219451904,452441000,0.0,0.0,7.74639732925575e-05,0.6372926435355997
2024-04-02 04:00:00+00:00,88.4078124238,90.0530682987,87.5801933164,89.4113616943,433064000,0.0,0.0,-0.010081531062915872,0.6389970585675813
2024-04-03 04:00:00+00:00,88.4438138886,90.3329548867,88.3598524054,88.9235916138,370067000,0.0,0.0,-0.0054553478580015025,0.6217555431863971
2024-04-04 04:00:00+00:00,90.3649211636,90.5928220226,85.8409766307,85.8659667969,434965000,0.0,0.0,-0.034384855148220206,0.6250594606261747
2024-04-05 04:00:00+00:00,86.826530518,88.4408022477,85.8869627843,87.9680175781,399678000,0.0,0.0,0.024480604593575706,0.4217215662964329
2024-04-08 04:00:00+00:00,88.6596960556,88.7896418706,86.6925955251,87.0934143066,283220000,0.0,0.0,-0.009942286930855415,0.4236946492438348
2024-04-09 04:00:00+00:00,87.4022646384,87.5951777256,82.9842750713,85.3152084351,501700000,0.0,0.0,-0.020417225408571937,0.4294210232705785
2024-04-10 04:00:00+00:00,83.8878736337,87.3602943662,83.6709693528,86.999458313,431929000,0.0,0.0,0.01974149637319611,0.4314601093614184
2024-04-11 04:00:00+00:00,87.3802893069,90.6977819587,86.8865180285,90.574836731,431637000,0.0,0.0,0.04109655953416147,0.44154334706719367
2024-04-12 04:00:00+00:00,89.658248207,90.134037517,87.4902348416,88.1459350586,426805000,0.0,0.0,-0.026816517258691275,0.4493935192227738
2024-04-15 04:00:00+00:00,89.0575303848,90.5718416469,85.889971057,85.9619369507,443077000,0.0,0.0,-0.024777071188229804,0.4434705446501098
2024-04-16 04:00:00+00:00,86.3937337639,88.0779658597,86.0249057253,87.375289917,370453000,0.0,0.0,0.016441613770413088,0.43393745952115814
2024-04-17 04:00:00+00:00,88.2998550494,88.734662573,83.9118504553,83.9968185425,495400000,0.0,0.0,-0.03866621075259724,0.4483239981238816
2024-04-18 04:00:00+00:00,84.9314056276,86.1508526919,82.3645712872,84.6325378418,447260000,0.0,0.0,0.0075683735447473754,0.43859093068661753
2024-04-19 04:00:00+00:00,83.1122381834,84.285700974,75.571665642,76.1653900146,875198000,0.0,0.0,-0.10004601118103384,0.5028853475186061
2024-04-22 04:00:00+00:00,78.0685134774,80.036620726,76.3652928546,79.4818725586,596341000,0.0,0.0,0.043543170242603235,0.5001245298589526
2024-04-23 04:00:00+00:00,80.7323110183,82.7314025961,80.2275431402,82.385559082,438559000,0.0,0.0,0.036532688900342336,0.5098700168772128
2024-04-24 04:00:00+00:00,83.9118620621,84.0438058826,79.1470292141,79.6408081055,512208000,0.0,0.0,-0.03331592341041345,0.4694837859442438
2024-04-25 04:00:00+00:00,78.8321694422,83.285147533,78.187465797,82.5944671631,424641000,0.0,0.0,0.03708725624289633,0.4839758427321037
2024-04-26 04:00:00+00:00,83.7799242378,88.2908745756,83.349120275,87.6951446533,551011000,0.0,0.0,0.061755680076337915,0.5100219215275758
2024-04-29 04:00:00+00:00,87.5552112239,87.9520264332,85.227266792,87.7171401978,388971000,0.0,0.0,0.00025081827034956206,0.5099985278461034
2024-04-30 04:00:00+00:00,87.2003716222,88.7786567865,86.2608037756,86.3627548218,363709000,0.0,0.0,-0.015440373146524244,0.5116444814378263
2024-05-01 04:00:00+00:00,85.0383433055,85.9609204041,81.2180738527,83.0032653809,559863000,0.0,0.0,-0.038899748483381846,0.5224899825817358
2024-05-02 04:00:00+00:00,84.4106327684,86.1978225027,83.1621996333,85.7780151367,377898000,0.0,0.0,0.03342940477180911,0.5313018305943624
2024-05-03 04:00:00+00:00,87.7491191533,89.2404381083,87.000458873,88.748664856,398341000,0.0,0.0,0.03463183094835931,0.5402000680789351
2024-05-06 04:00:00+00:00,89.3493863249,92.1781023852,89.0145394425,92.0981369019,376203000,0.0,0.0,0.03774109786704649,0.5438397716244695
2024-05-07 04:00:00+00:00,91.0566070695,91.7392953904,88.97055736,90.5128555298,437342000,0.0,0.0,-0.017212958105641052,0.5455075972396796
2024-05-08 04:00:00+00:00,89.4423471195,91.1525683009,89.3793722037,90.3709259033,325721000,0.0,0.0,-0.0015680604226796513,0.5404827822990869
2024-05-09 04:00:00+00:00,90.4878761275,91.0306287353,88.1909234817,88.7066879272,378013000,0.0,0.0,-0.018415634889929144,0.538204233870762
2024-05-10 04:00:00+00:00,90.2639814598,91.3594842996,89.1864681867,89.8371734619,335325000,0.0,0.0,0.012744084590643023,0.5394660177615604
2024-05-13 04:00:00+00:00,90.4368919074,90.9566599376,88.4887798559,90.3579330444,289680000,0.0,0.0,0.005796704887658377,0.5396918929487149
2024-05-14 04:00:00+00:00,89.5583008235,91.6093707039,88.8936019687,91.3145065308,296507000,0.0,0.0,0.01058649145869639,0.5394682055825094
2024-05-15 04:00:00+00:00,92.42998889,94.8189024719,91.5573844072,94.5870056152,417735000,0.0,0.0,0.035837669267765104,0.5481999777506261
2024-05-16 04:00:00+00:00,94.8668837605,95.7754673635,94.0602435672,94.3161315918,323952000,0.0,0.0,-0.002863755138860946,0.5371997252326906
2024-05-17 04:00:00+00:00,94.3261373372,94.6969633853,91.76429801,92.4369888306,359691000,0.0,0.0,-0.01992387441559762,0.5376862728592711
2024-05-20 04:00:00+00:00,93.7074151912,95.1567534958,93.3975584453,94.736946106,318764000,0.0,0.0,0.024881352199982443,0.5403098892979855
2024-05-21 04:00:00+00:00,93.5564759184,95.3566602046,93.1376675561,95.342666626,328946000,0.0,0.0,0.006393709581077989,0.5356173774721102
2024-05-22 04:00:00+00:00,95.4156394631,95.9763816517,93.2066442226,94.906867981,548648000,0.0,0.0,-0.004570866962526843,0.534148042062852
2024-05-23 04:00:00+00:00,101.9816546804,106.2717048994,101.473882201,103.7518539429,835065000,0.0,0.0,0.09319647934932096,0.5849730626055772
2024-05-24 04:00:00+00:00,104.4015448525,106.4266253884,102.9532056548,106.4206314087,429494000,0.0,0.0,0.025722696649534305,0.5797839704736425
2024-05-28 04:00:00+00:00,110.1939220305,114.886788897,109.8330859633,113.8492584229,652728000,0.0,0.0,0.06980438770064179,0.5992866407570283
2024-05-29 04:00:00+00:00,112.9986472174,115.4395315931,110.850621381,114.7728347778,557442000,0.0,0.0,0.008112273788111413,0.5990069768361548
2024-05-30 04:00:00+00:00,114.5979226326,115.766390342,109.6131884275,110.4498062134,484553000,0.0,0.0,-0.03766595617133084,0.5983099843730032
2024-05-31 04:00:00+00:00,112.4688804362,112.6657971647,106.8914211452,109.5831985474,613263000,0.0,0.0,-0.007846167374215396,0.60048622213216
2024-06-03 04:00:00+00:00,113.5693901392,114.9477615356,111.9521212682,114.9477615356,438392000,0.0,0.0,0.048954247177586785,0.5136229390781639
2024-06-04 04:00:00+00:00,115.6634515202,116.547045114,113.9932051506,116.3841171265,403324000,0.0,0.0,0.012495724768464944,0.5060944004339074
2024-06-05 04:00:00+00:00,118.3172248758,122.3933674955,117.4146352412,122.3843765259,528402000,0.0,0.0,0.051555655080308016,0.5139064300698193
2024-06-06 04:00:00+00:00,123.9916489322,125.5299513207,118.2662539926,120.9430389404,664696000,0.0,0.0,-0.011777137134779347,0.500369041837249
2024-06-07 04:00:00+00:00,119.7155957011,121.6367274037,117.9683961911,120.8330917358,412386000,0.0,0.0,-0.0009090825364012067,0.49757048421364974
2024-06-10 04:00:00+00:00,120.3153270134,123.0440826935,116.956852618,121.7346801758,313434100,0.0,10.0,0.0074614364910177144,0.47596905378744325
2024-06-11 04:00:00+00:00,121.724678417,122.8242751395,118.6958072896,120.8650054932,222551200,0.01,0.0,-0.007144017475908093,0.477954909823972
2024-06-12 04:00:00+00:00,123.014201239,126.8327793352,122.5243857261,125.1534042358,299595000,0.0,0.0,0.035480896435662324,0.4761009461302293
2024-06-13 04:00:00+00:00,129.3418329957,129.7516840309,127.1126674008,129.5617523193,260704500,0.0,0.0,0.03522355712509673,0.45402266264736796
2024-06-14 04:00:00+00:00,129.9116488754,132.7905668615,128.272259726,131.8309326172,309320400,0.0,0.0,0.01751427606742828,0.45084405771805747
2024-06-17 04:00:00+00:00,132.9405210129,133.680235903,129.5317861849,130.9312591553,288504400,0.0,0.0,-0.006824448891007973,0.4510144383970312
2024-06-18 04:00:00+00:00,131.0911910756,136.279261877,130.6413616094,135.5295410156,294335100,0.0,0.0,0.03511981699378497,0.44984891049628517
2024-06-20 04:00:00+00:00,139.7479866339,140.7076208979,129.4718128096,130.731338501,517768400,0.0,0.0,-0.03540337020729445,0.463467383533507
2024-06-21 04:00:00+00:00,127.0726865148,130.5813821684,124.253736472,126.5228881836,649445800,0.0,0.0,-0.03219159511143399,0.4798858446624922
2024-06-24 04:00:00+00:00,123.1941279062,124.4136750422,117.9960663981,118.0660400391,476060900,0.0,0.0,-0.06684046077282157,0.5247312005327386
2024-06-25 04:00:00+00:00,121.1548885114,126.4529189983,119.2755909588,126.0430679321,414192600,0.0,0.0,0.06756411827108155,0.5505528528707865
2024-06-26 04:00:00+00:00,126.0830548954,128.0723121329,122.5543698914,126.3529586792,362975900,0.0,0.0,0.002458609998821526,0.5509605718347372
2024-06-27 04:00:00+00:00,124.0538149595,126.3629604847,122.8742537886,123.9438552856,252571700,0.0,0.0,-0.019066458108959128,0.5581898835578043
2024-06-28 04:00:00+00:00,124.533640069,127.6624725112,122.704319263,123.4940261841,315516700,0.0,0.0,-0.0036292973174303356,0.5545301807323051
2024-07-01 04:00:00+00:00,123.4240530786,124.7935383657,118.785780419,124.2537460327,284885500,0.0,0.0,0.00615187529368777,0.5533965933681105
2024-07-02 04:00:00+00:00,121.0849161012,123.3640739562,120.9849548437,122.6243438721,218374000,0.0,0.0,-0.013113505327808639,0.5505616317600956
2024-07-03 04:00:00+00:00,121.6147228184,128.2322540283,121.3148314253,128.2322540283,215749000,0.0,0.0,0.045732437614909305,0.5587033503462028
2024-07-05 04:00:00+00:00,127.332583456,128.8020451347,125.6332192862,125.783164978,214176700,0.0,0.0,-0.019098853629754386,0.5652701970953291
2024-07-08 04:00:00+00:00,127.4425327077,130.7213179539,126.9927032956,128.1522674561,237677300,0.0,0.0,0.018834813693186625,0.5641391455767465
2024-07-09 04:00:00+00:00,130.3015002268,133.7702101897,128.6021206287,131.3311157227,285366600,0.0,0.0,0.024805244024955986,0.5093559249534485
2024-07-10 04:00:00+00:00,133.9801248223,135.0497339856,132.3707233099,134.8598022461,248978600,0.0,0.0,0.0268686251843826,0.5097056229658642
2024-07-11 04:00:00+00:00,135.6994836774,136.0993287252,127.0027242382,127.3525924683,374782700,0.0,0.0,-0.055666771363793055,0.5081222280791795
2024-07-12 04:00:00+00:00,128.2122786506,131.8709207018,127.1726722674,129.1919250488,252680500,0.0,0.0,0.014442835790388964,0.5088723095652589
2024-07-15 04:00:00+00:00,130.5114027034,131.3410956051,127.1326634959,128.3921966553,208326200,0.0,0.0,-0.006190235134261646,0.49420115684765
2024-07-16 04:00:00+00:00,128.3921929812,128.9919604902,124.533629186,126.3129653931,214769500,0.0,0.0,-0.0161943740847601,0.4967457738966512
2024-07-17 04:00:00+00:00,121.3048331178,121.8046470224,116.6765591069,117.9460830688,390086200,0.0,0.0,-0.06623929933290174,0.52025599648335
2024-07-18 04:00:00+00:00,121.8046411085,122.3544394275,116.5166093396,121.044921875,320979500,0.0,0.0,0.026273350717313848,0.5243302956523853
2024-07-19 04:00:00+00:00,120.3052136637,121.5547485119,117.3263268563,117.8861160278,217223800,0.0,0.0,-0.02609614511926417,0.5084088235957078
2024-07-22 04:00:00+00:00,120.3052108845,124.0238277273,119.8153953708,123.4940261841,258068900,0.0,0.0,0.047570573577786934,0.5260136432905005
2024-07-23 04:00:00+00:00,122.7343042876,124.6435971121,122.0545570552,122.5443725586,173911000,0.0,0.0,-0.00768987500726781,0.5266200125378268
2024-07-24 04:00:00+00:00,119.1256405974,119.9053490448,113.3977776944,114.2074737549,327776900,0.0,0.0,-0.06803167399395149,0.5627872175919103
2024-07-25 04:00:00+00:00,112.9979241978,116.5865842365,106.2604351538,112.2382049561,460067000,0.0,0.0,-0.01724290656342009,0.5644240601772759
2024-07-26 04:00:00+00:00,116.1467536356,116.1567444222,111.538468982,113.0179138184,293399100,0.0,0.0,0.006946911371265907,0.5539870332151847
2024-07-29 04:00:00+00:00,113.6476941565,116.2367266602,111.2585841746,111.5484695435,248152100,0.0,0.0,-0.013001870457997833,0.5427417634241883
2024-07-30 04:00:00+00:00,111.4784927394,111.9483190418,102.5018390571,103.6913986206,486833300,0.0,0.0,-0.07043638478460723,0.570996270851484
2024-07-31 04:00:00+00:00,112.8579714622,118.2959410897,110.8387191906,116.9764328003,473174200,0.0,0.0,0.12812088906534158,0.6929725673146024
2024-08-01 04:00:00+00:00,117.4862607613,120.1152869051,106.7702489187,109.1693572998,523462300,0.0,0.0,-0.0667405845229363,0.7072228158637995
2024-08-02 04:00:00+00:00,103.721383893,108.6795369246,101.3322740328,107.2300720215,482027500,0.0,0.0,-0.017764007467538145,0.7027349700403083
2024-08-05 04:00:00+00:00,92.0257359945,103.3715180162,90.6562507424,100.412612915,552842400,0.0,0.0,-0.0635778655929009,0.7187416819470717
2024-08-06 04:00:00+00:00,103.8013458456,107.6699081307,100.5125771344,104.2111968994,409012100,0.0,0.0,0.037829749412213065,0.7065468249377341
2024-08-07 04:00:00+00:00,107.7698733749,108.7595104128,98.6532724917,98.8731918335,411440400,0.0,0.0,-0.051222951321181154,0.6867568899490166
2024-08-08 04:00:00+00:00,101.9620353134,105.4607326036,97.4836994263,104.9309310913,391910000,0.0,0.0,0.061267762731894715,0.7145089776473067
2024-08-09 04:00:00+00:00,105.6006819406,106.5603237294,103.391505381,104.7110137939,290844200,0.0,0.0,-0.0020958290859789397,0.7133401069875716
2024-08-12 04:00:00+00:00,106.2804314115,111.0286636411,106.2204561817,108.9794235229,325559900,0.0,0.0,0.040763713141020785,0.7253880142530638
2024-08-13 04:00:00+00:00,112.3981514577,116.1867417074,111.5384709458,116.0967712402,312646700,0.0,0.0,0.06530909677462571,0.7517696929550586
2024-08-14 04:00:00+00:00,118.4858859934,118.5558596368,114.0275467671,118.0360565186,339246400,0.0,0.0,0.01670404144476767,0.7526261009581453
2024-08-15 04:00:00+00:00,118.7158050097,123.1941334845,117.4262841744,122.8142776489,318086700,0.0,0.0,0.04048102987536728,0.7499907887178194
2024-08-16 04:00:00+00:00,121.8946061805,124.9534645522,121.1348869806,124.5336227417,302589900,0.0,0.0,0.013999553844344037,0.7489422633376526
2024-08-19 04:00:00+00:00,124.2337567143,129.9516296387,123.3740760927,129.9516296387,318333600,0.0,0.0,0.04350637825928905,0.7574883123804038
2024-08-20 04:00:00+00:00,128.35220258,129.8316626966,125.8431423095,127.2026367188,300087400,0.0,0.0,-0.021153970346835527,0.7569424385150307
2024-08-21 04:00:00+00:00,127.2726177849,129.3018687303,126.6128673685,128.4521789551,257883600,0.0,0.0,0.009823241628727386,0.7532929428455079
2024-08-22 04:00:00+00:00,129.9716160825,130.7013401352,123.0541856306,123.6939468384,376189100,0.0,0.0,-0.03704282913225809,0.7433182328744459
2024-08-23 04:00:00+00:00,125.8131504338,129.5517637459,125.1733892778,129.3218383789,323230300,0.0,0.0,0.04549852021338241,0.7539077480320466
2024-08-26 04:00:00+00:00,129.5217841101,131.2111423153,124.3237148641,126.4129333496,331964700,0.0,0.0,-0.022493532923474224,0.7567554029207116
2024-08-27 04:00:00+00:00,125.0034677352,129.1519172792,123.8338973354,128.2522583008,303134600,0.0,0.0,0.014550132668097238,0.756083088459847
2024-08-28 04:00:00+00:00,128.0723157317,128.2822442923,122.5943593644,125.5632553101,448101100,0.0,0.0,-0.02096651572710151,0.7317832396098347
2024-08-29 04:00:00+00:00,121.3148353613,124.3836925273,116.6665643766,117.5462341309,453023300,0.0,0.0,-0.06384846553556289,0.7532862924179856
2024-08-30 04:00:00+00:00,119.4855132692,121.7046882715,117.176375423,119.3255767822,333751600,0.0,0.0,0.01513738542502785,0.7503001612393063
2024-09-03 04:00:00+00:00,115.9668214091,116.1667439153,107.2500659084,107.9598007202,477155100,0.0,0.0,-0.09525012464633198,0.7873196940171293
2024-09-04 04:00:00+00:00,105.3707735012,113.2278412495,104.0812526819,106.1704711914,372470300,0.0,0.0,-0.016574035121067032,0.7881719661559417
2024-09-05 04:00:00+00:00,104.950922377,109.6091916652,104.7210122499,107.1700973511,306850700,0.0,0.0,0.009415293616790166,0.7647567629163788
2024-09-06 04:00:00+00:00,107.9997929279,108.1097526006,100.9124275648,102.7917327881,413638100,0.0,0.0,-0.04085434903223073,0.7721401419091024
2024-09-09 04:00:00+00:00,104.8409619619,106.5103462007,103.6514100541,106.4303741455,273912000,0.0,0.0,0.03539819067843575,0.7793071122420352
2024-09-10 04:00:00+00:00,107.7698680772,109.3592802066,104.910932028,108.0597610474,268283700,0.0,0.0,0.01530941627314486,0.7797876033149171
2024-09-11 04:00:00+00:00,109.3492805366,117.1463801495,107.3800126205,116.8664855957,441422400,0.0,0.0,0.0814986491080334,0.7846751541915373
2024-09-12 04:00:00+00:00,116.8065064192,120.7553788047,115.3469258152,119.1058502197,366052700,0.01,0.0,0.019161734971196998,0.6947028628817047
2024-09-13 04:00:00+00:00,119.0458660228,119.9256110138,117.5662869278,119.0658569336,238358300,0.0,0.0,-0.00033577935950446225,0.6639707698832231
2024-09-16 04:00:00+00:00,116.756520265,118.146121178,114.3272165776,116.7465209961,248772300,0.0,0.0,-0.019479437659390753,0.6644721760264513
2024-09-17 04:00:00+00:00,118.1361241378,118.7659484266,114.7970852269,115.5568618774,231925900,0.0,0.0,-0.010190103384234872,0.6348618867682545
2024-09-18 04:00:00+00:00,115.8567679305,117.6662464722,113.1875353835,113.3374938965,310318900,0.0,0.0,-0.01920585194892732,0.6311105905072084
2024-09-19 04:00:00+00:00,117.3163569589,119.6256999221,117.216387152,117.8362121582,293506400,0.0,0.0,0.03969311572927703,0.6173784115768005
2024-09-20 04:00:00+00:00,117.0264448318,118.5860028779,115.3569253318,115.9667510986,382462400,0.0,0.0,-0.015864911349069644,0.5982055082277169
2024-09-23 04:00:00+00:00,116.5165947295,116.9564634198,114.8270767166,116.2266769409,206228500,0.0,0.0,0.00224138246383232,0.5979515953354825
2024-09-24 04:00:00+00:00,116.4865984088,121.7650914043,115.3469257782,120.835357666,354966800,0.0,0.0,0.03965252080160098,0.5973691301710097
2024-09-25 04:00:00+00:00,121.9850157799,124.9041844669,121.5751372854,123.4745941162,284692900,0.0,0.0,0.021841590914929876,0.5714102959704928
2024-09-26 04:00:00+00:00,126.7636511882,127.6333968894,121.7650846213,124.0044403076,302582900,0.0,0.0,0.004291135315669825,0.5698951127488033
2024-09-27 04:00:00+00:00,123.9344668966,123.9944472577,119.2258178697,121.3652038574,271009200,0.0,0.0,-0.02128340278503915,0.5619728798715159
2024-09-30 04:00:00+00:00,118.2760819027,121.4651698734,118.1161317357,121.4051895142,226553700,0.0,0.0,0.0003294655760393006,0.5604538743642344
2024-10-01 04:00:00+00:00,121.7350904738,122.4049042106,115.7568089514,116.9664611816,302094500,0.0,0.0,-0.036561273454301824,0.5541531803060209
2024-10-02 04:00:00+00:00,116.4066204825,119.3457724331,115.1069901261,118.8159255981,221845900,0.0,0.0,0.01581192076614646,0.5539338148576353
2024-10-03 04:00:00+00:00,120.885334155,124.3243504544,120.3054985925,122.814781189,277118000,0.0,0.0,0.03365588889511595,0.5624739918487816
2024-10-04 04:00:00+00:00,124.9041843286,125.0041541349,121.795075301,124.884185791,243678100,0.0,0.0,0.0168498008298803,0.5539904128833727
2024-10-07 04:00:00+00:00,124.9541670089,130.6025488501,124.9141775604,127.6833877563,346250200,0.0,0.0,0.02241438295465703,0.5417517484703533
2024-10-08 04:00:00+00:00,130.2226473653,133.441725372,129.3828918647,132.8518981934,285722500,0.0,0.0,0.040479114220909995,0.549572319020865
2024-10-09 04:00:00+00:00,134.0715417617,134.4814278467,131.3423289176,132.6119537354,246191600,0.0,0.0,-0.0018061048525681578,0.5484330259838832
2024-10-10 04:00:00+00:00,131.8721845881,134.9612950129,130.9624418274,134.7713470459,242311300,0.0,0.0,0.016283549481584725,0.5456751233930248
2024-10-11 04:00:00+00:00,133.9715856786,135.7410826472,133.6216951453,134.7613677979,170209500,0.0,0.0,-7.404576876868241e-05,0.5078384289772905
2024-10-14 04:00:00+00:00,136.4308936865,139.5600016193,136.2609442331,138.0304412842,232347700,0.0,0.0,0.024258239135733772,0.5100932225982173
2024-10-15 04:00:00+00:00,137.830478261,138.5302898277,128.7031055116,131.562286377,377831000,0.0,0.0,-0.04686035085465168,0.44186481581798726
2024-10-16 04:00:00+00:00,133.941584662,136.5808271835,131.5422788259,135.6810913086,264879700,0.0,0.0,0.03130688166818052,0.441474074656074
2024-10-17 04:00:00+00:00,139.3000599995,140.8496188038,136.8307667077,136.8907470703,306435900,0.0,0.0,0.008915433610042989,0.4414682256727141
2024-10-18 04:00:00+00:00,138.6302400334,138.8601698188,137.2406391711,137.96043396,176090200,0.0,0.0,0.007814165037397736,0.41592375567238987
2024-10-21 04:00:00+00:00,138.0904058252,143.6688079834,137.9604382121,143.6688079834,264554500,0.0,0.0,0.04137689234186581,0.41941940609751216
2024-10-22 04:00:00+00:00,142.8690455942,144.378607336,141.7393645713,143.5488433838,226311600,0.0,0.0,-0.0008350079692583945,0.4203809035520429
2024-10-23 04:00:00+00:00,141.9892821435,142.3891613713,137.4206001866,139.5199890137,285930000,0.0,0.0,-0.028066087299137843,0.3756583901001024
2024-10-24 04:00:00+00:00,140.779637099,141.3094839384,138.4203130527,140.3697509766,172354900,0.0,0.0,0.0060906108788221225,0.3736422354022565
2024-10-25 04:00:00+00:00,140.8895944153,144.0886893234,140.7596420534,141.499420166,205122100,0.0,0.0,0.008047810739425731,0.3732439183777185
2024-10-28 04:00:00+00:00,142.9590213787,143.0989806496,140.0098697928,140.4797363281,173586700,0.0,0.0,-0.007206275733877665,0.36760517233854273
2024-10-29 04:00:00+00:00,140.249771697,142.219208112,138.8601708246,141.2095031738,157593600,0.0,0.0,0.005194819301166609,0.3642437024989004
2024-10-30 04:00:00+00:00,139.4999884391,140.2897704957,136.7707753765,139.3000488281,179418100,0.0,0.0,-0.013522137694584546,0.36105435045339457
2024-10-31 04:00:00+00:00,137.5605633027,137.5705549447,132.07213151,132.7219390869,270039600,0.0,0.0,-0.04722259465477685,0.38033883911334304
2024-11-01 04:00:00+00:00,134.6613944537,137.2706470868,134.5314420822,135.3611907959,207127800,0.0,0.0,0.01988557225095966,0.3780142460525326
2024-11-04 05:00:00+00:00,137.1706727107,138.920171038,135.5311434598,136.0110015869,187528200,0.0,0.0,0.0048005694038240065,0.37789861981523915
2024-11-05 05:00:00+00:00,137.4105869313,140.3297478708,137.2906262194,139.8698883057,160537400,0.0,0.0,0.028371871935186643,0.3703867362980326
2024-11-06 05:00:00+00:00,142.9190184504,146.4480051389,141.9193051618,145.5682525635,242043900,0.0,0.0,0.040740464776418905,0.38166474983988763
2024-11-07 05:00:00+00:00,146.3480493601,148.8873147769,146.1281111837,148.8373413086,207323300,0.0,0.0,0.02245742933318473,0.38466762837055296
2024-11-08 05:00:00+00:00,148.7273649122,149.7270782996,146.218074547,147.5876922607,175665800,0.0,0.0,-0.008396072093957652,0.3783736015442055
2024-11-11 05:00:00+00:00,148.637355422,148.8073200947,143.528835471,145.2183380127,182325600,0.0,0.0,-0.016053874220180675,0.38375603996804586
2024-11-12 05:00:00+00:00,146.7379206702,149.6070930324,145.9681371384,148.2474822998,198634700,0.0,0.0,0.02085924084074753,0.3636209353885016
2024-11-13 05:00:00+00:00,149.0272734963,149.2871934707,145.8581688148,146.2280731201,191903300,0.0,0.0,-0.01362187841825313,0.3682341929823144
2024-11-14 05:00:00+00:00,147.5976633061,148.9572739334,145.5082662791,146.7179107666,194463300,0.0,0.0,0.0033498194706955697,0.35969378049131784
2024-11-15 05:00:00+00:00,144.8284560078,145.1983602893,140.0398361741,141.9392852783,250132900,0.0,0.0,-0.03257015768103377,0.37515790288883016
2024-11-18 05:00:00+00:00,139.4599947522,141.5094099124,137.110662574,140.1098022461,221205300,0.0,0.0,-0.012889194338360443,0.3744999477695309
2024-11-19 05:00:00+00:00,141.2794937524,147.0878257029,140.9495865262,146.9678497314,227834900,0.0,0.0,0.04894766372772397,0.3825104101560631
2024-11-20 05:00:00+00:00,147.3677435603,147.5176944559,142.6890773095,145.8481750488,309871700,0.0,0.0,-0.007618500812567874,0.3836005864815281
2024-11-21 05:00:00+00:00,149.3072000066,152.8461786741,140.6596700821,146.6279602051,400946600,0.0,0.0,0.005346554086392397,0.3817283195600712
2024-11-22 05:00:00+00:00,145.8881407865,147.1177990127,141.0595394268,141.909286499,236406200,0.0,0.0,-0.03218126815308375,0.3951503124284283
2024-11-25 05:00:00+00:00,141.9492922302,142.0092725855,135.7810632052,135.9810028076,344941900,0.0,0.0,-0.04177516382228985,0.40896808432753684
2024-11-26 05:00:00+00:00,137.6605277704,139.2600752616,135.631110853,136.8807525635,190287700,0.0,0.0,0.0066167312883629315,0.384564717084811
2024-11-27 05:00:00+00:00,134.9712860205,137.1806591071,131.7622148966,135.3011932373,226370900,0.0,0.0,-0.011539674472985095,0.37575791537218417
2024-11-29 05:00:00+00:00,136.7407930556,139.3100637298,136.0110065693,138.2103729248,141863200,0.0,0.0,0.021501507990381752,0.3800473832782084
2024-12-02 05:00:00+00:00,138.7901953408,140.4097259595,137.7804904279,138.5902557373,171682800,0.0,0.0,0.0027485839482301877,0.37949462162018766
2024-12-03 05:00:00+00:00,138.2203759586,140.4997214018,137.9104672301,140.2198028564,164414000,0.0,0.0,0.011758020868284147,0.36098005389451654
2024-12-04 05:00:00+00:00,141.9593044288,145.7482115464,140.2497877833,145.0984039307,231224300,0.0,0.0,0.03479252555572465,0.3752308847777211
2024-12-05 05:00:00+00:00,145.0784040292,146.5080853351,143.9186529489,145.0284118652,172621200,0.01,0.0,-0.00048237653622573706,0.3652859148636042
2024-12-06 05:00:00+00:00,144.5685145716,145.6682658562,141.2792225371,142.4089813232,188505600,0.0,0.0,-0.018061499180137885,0.36936004959098145
2024-12-09 05:00:00+00:00,138.9397234403,139.9195056535,137.1001279876,138.7797546387,189308600,0.0,0.0,-0.025484535109926765,0.37631731110357464
2024-12-10 05:00:00+00:00,138.979717412,141.789118194,133.7608531345,135.0405883789,210020900,0.0,0.0,-0.026943168112197546,0.3837057108401715
2024-12-11 05:00:00+00:00,137.3300757004,140.1394610799,135.1805501963,139.2796478271,184905200,0.0,0.0,0.0313910025058981,0.39475289591264523
2024-12-12 05:00:00+00:00,137.050151221,138.409855677,135.7704311749,137.3100891113,159211400,0.0,0.0,-0.01414103744895312,0.39493897266946837
2024-12-13 05:00:00+00:00,138.9097452521,139.5696051842,132.5111298372,134.2207641602,231514900,0.0,0.0,-0.022498892623948885,0.37536419213999866
2024-12-16 05:00:00+00:00,134.1507548377,134.3707081201,130.3915796342,131.9712371826,237951100,0.0,0.0,-0.01675990292318008,0.3740640502989866
2024-12-17 05:00:00+00:00,129.0618828488,131.5613383936,126.8323727744,130.3616027832,259410300,0.0,0.0,-0.012196857692353458,0.37518259230896944
2024-12-18 05:00:00+00:00,133.8308463455,136.6702241416,128.2520598204,128.8819274902,277444500,0.0,0.0,-0.01135054541681868,0.3655674614188447
2024-12-19 05:00:00+00:00,131.7312862928,134.0007959708,129.5217763565,130.6515197754,209719200,0.0,0.0,0.013730336903399865,0.3456656233734077
2024-12-20 05:00:00+00:00,129.7817201303,135.250529782,128.1920701526,134.6706542969,306528600,0.0,0.0,0.030762248525001423,0.35184034612857396
2024-12-23 05:00:00+00:00,136.250311239,139.7595411207,135.0905602747,139.6395721436,176053500,0.0,0.0,0.036896812246455024,0.36993057624463876
2024-12-24 05:00:00+00:00,139.9695150682,141.869095242,138.6198029279,140.1894683838,105157000,0.0,0.0,0.003937968526819269,0.36766534423867564
2024-12-26 05:00:00+00:00,139.6695752314,140.8193339554,137.7000030073,139.899520874,116205600,0.0,0.0,-0.0020682545781985917,0.3618243232090848
2024-12-27 05:00:00+00:00,138.5198368159,138.9897357041,134.6806765533,136.9801635742,170582600,0.0,0.0,-0.02086752893477961,0.36450184786126333
2024-12-30 05:00:00+00:00,134.8006283255,140.2394456305,133.9908072296,137.4600524902,167734700,0.0,0.0,0.0035033460574025455,0.3645214126549759
2024-12-31 05:00:00+00:00,137.999948715,138.0399485498,133.8008661345,134.2607574463,155659200,0.0,0.0,-0.023274362157893802,0.3586774095098501
2025-01-02 05:00:00+00:00,135.9703822166,138.8497598983,134.600685454,138.279876709,198247200,0.0,0.0,0.02993517494721054,0.3683169051932492
2025-01-03 05:00:00+00:00,139.9795022133,144.8684366268,139.6995644139,144.4385375977,229322500,0.0,0.0,0.04453765099646745,0.3633943873106153
2025-01-06 05:00:00+00:00,148.5576322985,152.1268620477,147.7878109943,149.3974456787,265377400,0.0,0.0,0.03433230606925619,0.37619373523176614
2025-01-07 05:00:00+00:00,152.996657549,153.0966418638,139.9794899946,140.1094665527,351782200,0.0,0.0,-0.06216959790581078,0.41808739995556493
2025-01-08 05:00:00+00:00,142.5489462581,143.9186429745,137.5300354006,140.0794830322,227349900,0.0,0.0,-0.00021400067559851355,0.407623383624291
2025-01-10 05:00:00+00:00,137.420074909,139.8895384252,134.1907823321,135.8804168701,207602500,0.0,0.0,-0.0299763110999971,0.3984759608557929
2025-01-13 05:00:00+00:00,129.9617039488,133.4609419256,129.4817974709,133.2009887695,204808900,0.0,0.0,-0.019719015898821635,0.40213061070026923
2025-01-14 05:00:00+00:00,136.0203667606,136.3502967061,130.0216737635,131.7312927246,195590500,0.0,0.0,-0.01103367218574669,0.4020136218810016
2025-01-15 05:00:00+00:00,133.6208947252,136.4202881416,131.26140795,136.2103424072,185217300,0.0,0.0,0.03400140991528855,0.40954183315924625
2025-01-16 05:00:00+00:00,138.6097963703,138.7197730168,133.460924411,133.5409088135,209235600,0.0,0.0,-0.019597877419026855,0.4132651692912294
2025-01-17 05:00:00+00:00,136.6602258601,138.4698291284,135.4304980751,137.6800079346,201188800,0.0,0.0,0.030994989908901704,0.4220561727495787
2025-01-21 05:00:00+00:00,139.1296971908,141.7991138836,137.0601406758,140.799331665,197749000,0.0,0.0,0.022656330263154167,0.41469726303459964
2025-01-22 05:00:00+00:00,144.6285153116,147.7578236263,143.6387253144,147.0379943848,237651400,0.0,0.0,0.0443088944104042,0.43471139146594584
2025-01-23 05:00:00+00:00,145.018416876,147.1979348353,143.688704667,147.1879425049,155915500,0.0,0.0,0.0010197916581180522,0.4310111060764842
2025-01-24 05:00:00+00:00,148.3376757009,148.9375511052,141.8490991803,142.5889282227,234657600,0.0,0.0,-0.031245862969019433,0.4344502300555891
2025-01-27 05:00:00+00:00,124.7728183364,128.3720250086,116.6745766267,118.394203186,818830900,0.0,0.0,-0.1696816529745696,0.6556423784593604
2025-01-28 05:00:00+00:00,121.7834697893,128.9719063927,116.2246830865,128.9619140625,579666400,0.0,0.0,0.08925868490282318,0.7021954884582504
2025-01-29 05:00:00+00:00,126.4724508231,126.8623652787,120.0238585555,123.6730575562,467120600,0.0,0.0,-0.04101099572496114,0.7106451364049396
2025-01-30 05:00:00+00:00,123.073190637,124.9727783941,118.0742795012,124.6228561401,392925500,0.0,0.0,0.007679915113834479,0.7086300699346872
2025-01-31 05:00:00+00:00,123.7530449705,127.8221583994,119.1640481308,120.0438537598,388161100,0.0,0.0,-0.03674287784860519,0.7147213156636238
2025-02-03 05:00:00+00:00,114.7250100714,118.5441778575,112.9853911394,116.6345977783,371235700,0.0,0.0,-0.028400087757276538,0.7182406613391243
2025-02-04 05:00:00+00:00,116.9345263905,121.173600826,116.6745808801,118.6241607666,256550000,0.0,0.0,0.017058085904165132,0.7199709024291697
2025-02-05 05:00:00+00:00,121.7334871402,124.9727794477,120.7337049046,124.8028182983,262230800,0.0,0.0,0.052085995734518775,0.7355339720304619
2025-02-06 05:00:00+00:00,127.3922422384,128.7419542697,125.1827245586,128.6519622803,251483600,0.0,0.0,0.03084180337017628,0.7355633283025671
2025-02-07 05:00:00+00:00,129.1918465115,130.3415898451,124.972764753,129.811706543,228186300,0.0,0.0,0.009014586658019352,0.7276642585121356
2025-02-10 05:00:00+00:00,130.061655955,134.9705899623,129.9316946495,133.5409088135,216989100,0.0,0.0,0.028727780951440574,0.7327621669910446
2025-02-11 05:00:00+00:00,132.5511343281,134.4507145266,130.9914764379,132.7710876465,178902400,0.0,0.0,-0.005764684199319858,0.7329076858086205
2025-02-12 05:00:00+00:00,129.9916837727,132.2112014406,129.0518860793,131.1114349365,160278600,0.0,0.0,-0.01250010630641818,0.7313022150576195
2025-02-13 05:00:00+00:00,131.5313451903,136.4702717517,131.1414307384,135.2605285645,197430000,0.0,0.0,0.031645551206189504,0.7371258297081885
2025-02-14 05:00:00+00:00,136.4502690196,139.2196699574,135.4704867449,138.8197631836,195479600,0.0,0.0,0.02631391919633641,0.7372043800395546
2025-02-18 05:00:00+00:00,141.2392474082,143.4087731319,137.8999629884,139.369644165,219176600,0.0,0.0,0.003961114532897936,0.7325453990607342
2025-02-19 05:00:00+00:00,139.4796143194,141.3292175591,137.1901197103,139.1996765137,167536000,0.0,0.0,-0.00121954570751992,0.7210151458423659
2025-02-20 05:00:00+00:00,139.9994986265,140.629366287,136.760198844,140.0794830322,143903600,0.0,0.0,0.006320463815254529,0.7138997904047057
2025-02-21 05:00:00+00:00,140.0094896965,141.4291938161,134.00080429,134.4007110596,228217600,0.0,0.0,-0.04053964113570152,0.7004504561274412
2025-02-24 05:00:00+00:00,136.5302641148,138.5598208989,130.0516792879,130.2516326904,251381100,0.0,0.0,-0.030870955491895558,0.7059963085142431
2025-02-25 05:00:00+00:00,129.9516936613,130.1716469786,124.4129066628,126.6024246216,271428700,0.0,0.0,-0.028016601354041604,0.7053298901547048
2025-02-26 05:00:00+00:00,129.9617066133,133.7008826502,128.462033164,131.2514190674,322553800,0.0,0.0,0.03672121177532994,0.7114976651370317
2025-02-27 05:00:00+00:00,134.9706054005,134.9805977312,119.9838714255,120.123840332,443175800,0.0,0.0,-0.08478063562639115,0.7528198925068728
2025-02-28 05:00:00+00:00,117.9942929787,125.062752893,116.3746506815,124.892791748,389091100,0.0,0.0,0.03970029098986094,0.7553601006025712
2025-03-03 05:00:00+00:00,123.4831026961,123.6730561288,112.2555451395,114.03515625,411381400,0.0,0.0,-0.08693564573292412,0.7934493043217685
2025-03-04 05:00:00+00:00,110.6259035737,119.2840135859,110.0860202625,115.9647369385,398163300,0.0,0.0,0.01692092817648061,0.7890949690969927
2025-03-05 05:00:00+00:00,117.5543976457,118.2542421628,114.4850664731,117.2744598389,284337900,0.0,0.0,0.011294147988233583,0.7863859562156538
2025-03-06 05:00:00+00:00,113.5052758235,115.3248791845,110.1959990693,110.5459213257,321181900,0.0,0.0,-0.057374286971289434,0.7863973110181265
2025-03-07 05:00:00+00:00,111.2257698688,113.4552875334,107.536571106,112.6654586792,341755500,0.0,0.0,0.0191733654944648,0.7900020530403097
2025-03-10 04:00:00+00:00,109.8760575438,111.8256296449,105.4370224485,106.9566955566,366487400,0.0,0.0,-0.050670038444124654,0.7970262090711622
2025-03-11 04:00:00+00:00,106.9666941225,112.2155506078,104.7471764455,108.7363128662,354865700,0.0,0.0,0.016638671383207182,0.635732192538317
2025-03-12 04:00:00+00:00,114.1056496123,116.7453169632,112.8658000775,115.725440979,323857500,0.01,0.0,0.06427593440105084,0.608073961079143
2025-03-13 04:00:00+00:00,117.0152747229,117.7451862349,113.7756844974,115.5654602051,299033100,0.0,0.0,-0.0013824166280691497,0.5972313021919237
2025-03-14 04:00:00+00:00,118.5950809544,121.8646662727,118.135139732,121.6546936035,277593500,0.0,0.0,0.052690772723901436,0.6171969309097515
2025-03-17 04:00:00+00:00,122.7245564915,122.8745391463,118.015149951,119.5149612427,255501500,0.0,0.0,-0.017588572190842644,0.6097562925884182
2025-03-18 04:00:00+00:00,117.9851502094,119.0050184903,114.5255865509,115.415473938,299686900,0.0,0.0,-0.034301038648836046,0.612427196874292
2025-03-19 04:00:00+00:00,117.255234717,120.4348347243,115.6654385276,117.5052032471,273426200,0.0,0.0,0.018106145023695674,0.612682672714151
2025-03-20 04:00:00+00:00,116.5353367423,120.1848713343,116.4553449784,118.515083313,248829700,0.0,0.0,0.008594343382193337,0.5934762433531524
2025-03-21 04:00:00+00:00,116.9252894068,117.975152722,115.4054763767,117.6851882935,266498500,0.0,0.0,-0.007002442189642966,0.5859008924809794
2025-03-24 04:00:00+00:00,119.8649156888,122.2046252707,119.3249827084,121.3947296143,228452500,0.0,0.0,0.03152088529228192,0.5932608020833872
2025-03-25 04:00:00+00:00,120.5348381682,121.2747429421,118.9050383359,120.6748199463,167447200,0.0,0.0,-0.005930320618426577,0.5863567016961592
2025-03-26 04:00:00+00:00,118.7150653108,118.825044453,112.6958184467,113.7456893921,293463300,0.0,0.0,-0.0574198540945281,0.6074362715081996
2025-03-27 04:00:00+00:00,111.3359857147,114.4355940718,110.6460777346,111.415977478,236902100,0.0,0.0,-0.02048176002581603,0.6087976238386847
2025-03-28 04:00:00+00:00,111.4759672486,112.8557984628,109.0562736278,109.6561965942,229872500,0.0,0.0,-0.01579469052495175,0.5996526168380848
2025-03-31 04:00:00+00:00,105.1167723611,110.9460408035,103.6369628106,108.3663635254,299212700,0.0,0.0,-0.011762518752799878,0.5917770495590405
2025-04-01 04:00:00+00:00,108.5063466892,110.1861356792,106.4566091211,110.1361465454,222614000,0.0,0.0,0.01633147927479528,0.5949434942960576
2025-04-02 04:00:00+00:00,107.2765016067,111.9659139485,106.7765645171,110.4061050415,220601200,0.0,0.0,0.0024511343874622504,0.5953551400052371
2025-04-03 04:00:00+00:00,103.4969849668,105.6167134785,101.5872215022,101.7872009277,338769400,0.0,0.0,-0.07806546667469416,0.6282699882955108
2025-04-04 04:00:00+00:00,98.8975612967,100.1174014191,92.0984136501,94.2981338501,532273800,0.0,0.0,-0.07357572474086915,0.6492536195409246
2025-04-07 04:00:00+00:00,87.4489895916,101.7371916772,86.6090989927,97.6277084351,611041300,0.0,0.0,0.03530901884328719,0.6598265753608878
2025-04-08 04:00:00+00:00,103.7969372496,105.8366815131,94.4481150964,96.2878875732,476243400,0.0,0.0,-0.013723776613999705,0.6574890096417073
2025-04-09 04:00:00+00:00,98.8775535579,115.0855125279,97.5177241108,114.315612793,612918300,0.0,0.0,0.18722734161235977,0.8603266707146313
2025-04-10 04:00:00+00:00,109.3562417228,110.8460521138,99.1375263911,107.5564651489,437812400,0.0,0.0,-0.059127073537534214,0.8422151142058218
2025-04-11 04:00:00+00:00,108.486344051,111.5359632254,107.466475786,110.9160385132,313417300,0.0,0.0,0.031235438610305977,0.8388921657344794
2025-04-14 04:00:00+00:00,114.0956414942,114.2756191489,109.0562747909,110.6960678101,264705000,0.0,0.0,-0.00198321817158853,0.799946872877318
2025-04-15 04:00:00+00:00,110.9560415701,113.6057097348,110.486099474,112.1858825684,228966900,0.0,0.0,0.013458605962912706,0.799380210993214
2025-04-16 04:00:00+00:00,104.536850056,106.776566115,100.437359757,104.476852417,397016900,0.0,0.0,-0.068716579795143,0.8229074847632322
2025-04-17 04:00:00+00:00,104.4368528524,104.4568546075,100.0374126558,101.4772262573,292517500,0.0,0.0,-0.02871091624896538,0.810426062197594
2025-04-21 04:00:00+00:00,98.757570874,99.4274923822,95.0280443989,96.8978118896,288501100,0.0,0.0,-0.04512750827548917,0.8174724207079751
2025-04-22 04:00:00+00:00,98.7675690784,99.7974382508,97.2677578267,98.8775558472,241004800,0.0,0.0,0.02043125555668479,0.8079541831063299
2025-04-23 04:00:00+00:00,104.5068446933,104.7868158683,102.007159273,102.6970748901,247526000,0.0,0.0,0.03862877687634669,0.8147092630686024
2025-04-24 04:00:00+00:00,103.4669774804,106.5265898521,103.0970213091,106.4166030884,220815000,0.0,0.0,0.03621844343941061,0.7991805303326409
2025-04-25 04:00:00+00:00,106.8365598882,111.9059219262,105.7167056334,110.9960403442,251064700,0.0,0.0,0.043033108771531436,0.8095931668497456
2025-04-28 04:00:00+00:00,109.6761944612,110.3561091666,106.0066506499,108.7163162231,207708500,0.0,0.0,-0.020538787816489212,0.7957734337803894
2025-04-29 04:00:00+00:00,107.6564503837,110.1861308211,107.4264835959,109.0062789917,170444300,0.0,0.0,0.0026671504211470687,0.7946176638457294
2025-04-30 04:00:00+00:00,104.4568586482,108.9062957764,104.0669083214,108.9062957764,235044600,0.0,0.0,-0.0009172243674845371,0.7886577911905545
2025-05-01 04:00:00+00:00,113.0657711214,114.9255376574,111.2859963485,111.595954895,236121500,0.0,0.0,0.024697003046749932,0.7902596527396216
2025-05-02 04:00:00+00:00,114.1656362648,115.3854840073,113.3557406053,114.4855957031,190194800,0.0,0.0,0.025893777340037394,0.7935862957023633
2025-05-05 04:00:00+00:00,112.8957977806,114.655570852,112.6458292346,113.8056793213,133163200,0.0,0.0,-0.005938881460365142,0.793510641834463
2025-05-06 04:00:00+00:00,111.465980258,114.7255646893,110.8060596179,113.525718689,158525600,0.0,0.0,-0.0024599882358209424,0.7878888810592352
2025-05-07 04:00:00+00:00,113.0357827291,117.6651975849,112.2658753139,117.0452728271,206758800,0.0,0.0,0.031002262559920002,0.7931706137554582
2025-05-08 04:00:00+00:00,118.2351264349,118.6650726544,115.8354267829,117.3552398682,198428100,0.0,0.0,0.002648266210271366,0.7741690563495897
2025-05-09 04:00:00+00:00,117.3352314331,118.2151255782,115.1955013358,116.6353225708,132972200,0.0,0.0,-0.006134513450004708,0.771638049301583
2025-05-12 04:00:00+00:00,121.9546583742,122.9845275879,120.2648685215,122.9845275879,225023300,0.0,0.0,0.05443638236817927,0.783823199604462
2025-05-13 04:00:00+00:00,124.9642837871,131.2034968046,124.4543457972,129.9136505127,330430100,0.0,0.0,0.05634142002007203,0.795954163902568
2025-05-14 04:00:00+00:00,133.1832373996,135.4229610498,131.6634243778,135.3229675293,281180800,0.0,0.0,0.04163778783255112,0.8018254289957448
2025-05-15 04:00:00+00:00,134.2730934704,136.282850285,132.6433089736,134.8130340576,226632600,0.0,0.0,-0.0037682699471514036,0.80240699639898
2025-05-16 04:00:00+00:00,136.2028692825,136.332857815,133.443221891,135.3829650879,226542500,0.0,0.0,0.004227566231144175,0.7601575235259158
2025-05-19 04:00:00+00:00,132.3733402168,135.8528980423,132.3733402168,135.552947998,193154600,0.0,0.0,0.0012555708909880448,0.7179060801624412
2025-05-20 04:00:00+00:00,134.2730978725,134.5630699306,132.6033098108,134.3630981445,161514200,0.0,0.0,-0.00877774973597456,0.7174290314053766
2025-05-21 04:00:00+00:00,133.0432526915,137.3827028648,130.5735623069,131.783416748,270608700,0.0,0.0,-0.019199329519223207,0.7192841194636984
2025-05-22 04:00:00+00:00,132.2133628269,134.2331130077,131.5334556858,132.813293457,187344000,0.0,0.0,0.007814918860157727,0.4895765951576767
2025-05-23 04:00:00+00:00,129.9836522098,132.6633078705,129.1437615033,131.2734832764,198821300,0.0,0.0,-0.011593795624822212,0.45309759860294274
2025-05-27 04:00:00+00:00,134.1331045348,135.6429241916,133.2932139517,135.4829406738,192953600,0.0,0.0,0.03206631904888879,0.453489082713994
2025-05-28 04:00:00+00:00,136.0128928481,137.2327406522,134.773043287,134.7930450439,304021100,0.0,0.0,-0.005092121756945289,0.4541184571827615
2025-05-29 04:00:00+00:00,142.2321134031,143.4719629772,137.8926627788,139.1725006104,369241900,0.0,0.0,0.03249021909901706,0.4597912545260439
2025-05-30 04:00:00+00:00,138.7025513364,139.6024320207,132.9032778794,135.1130065918,333170900,0.0,0.0,-0.029168794128117015,0.41482603928734313
2025-06-02 04:00:00+00:00,135.4729551269,138.1026137871,135.3829548575,137.3627166748,197663100,0.0,0.0,0.016650581167191092,0.3996079229049517
2025-06-03 04:00:00+00:00,138.7625294326,141.9821253261,137.9326320805,141.2022247314,225578800,0.0,0.0,0.027951602513001106,0.36601006449234286
2025-06-04 04:00:00+00:00,142.1721156931,142.3720874828,139.5224398949,141.9021453857,167120800,0.0,0.0,0.004956867043925284,0.3659848844716633
2025-06-05 04:00:00+00:00,142.152115316,143.9818869603,138.8125390995,139.9723968506,231397900,0.0,0.0,-0.013599149821553524,0.3647207432368012
2025-06-06 04:00:00+00:00,142.4920575503,143.2519716576,141.4921834148,141.7021636963,153986200,0.0,0.0,0.012357914021764449,0.3566387134048347
2025-06-09 04:00:00+00:00,143.171987652,144.9817574941,141.9221449149,142.6120605469,185114500,0.0,0.0,0.006421192357726646,0.34252715754360885
2025-06-10 04:00:00+00:00,142.6720500431,144.2718395866,141.5121923257,143.9418945312,155881900,0.0,0.0,0.009324835355440708,0.33119073033001073
2025-06-11 04:00:00+00:00,144.601843565,144.9818270128,141.8619926279,142.8219451904,167694000,0.01,0.0,-0.007780565515325133,0.3344610392726601
2025-06-12 04:00:00+00:00,141.9619934166,144.9918212891,141.8420050677,144.9918212891,162365000,0.0,0.0,0.015192875967396269,0.3334596845516723
2025-06-13 04:00:00+00:00,142.4719560861,143.5719001202,140.8420584366,141.9619903564,180820600,0.0,0.0,-0.020896564411442053,0.34183190115441997
2025-06-16 04:00:00+00:00,143.3419182544,146.1717451579,143.1919175626,144.6818389893,183133700,0.0,0.0,0.019158991967298533,0.3393639427717561
2025-06-17 04:00:00+00:00,144.4818516783,145.2118062109,143.7718850313,144.1118621826,139108000,0.0,0.0,-0.003939518675472153,0.3386965529780634
2025-06-18 04:00:00+00:00,144.0018682284,145.6417750752,143.1119190601,145.471786499,161494100,0.0,0.0,0.00943658832662142,0.33721988684429816
2025-06-20 04:00:00+00:00,145.4417889825,146.1917466589,142.6419439392,143.8418884277,242956200,0.0,0.0,-0.011204221179418772,0.3349408425390278
2025-06-23 04:00:00+00:00,142.4919612736,144.7718314333,142.0219865666,144.1618652344,154308900,0.0,0.0,0.002224503656046206,0.3349921118051112
2025-06-24 04:00:00+00:00,145.5517830558,147.9516567695,145.4917888831,147.8916473389,187566100,0.0,0.0,0.025872182622190154,0.336848668184398
2025-06-25 04:00:00+00:00,149.2615908363,154.4412915476,149.2515816348,154.3013000488,269146500,0.0,0.0,0.04334019415722645,0.32492636088037624
2025-06-26 04:00:00+00:00,155.9711982969,156.711162053,153.9913142431,155.0112609863,198145700,0.0,0.0,0.004601133867799367,0.290528029344252
2025-06-27 04:00:00+00:00,156.0311938432,158.7010567029,155.2512390498,157.741104126,263234500,0.0,0.0,0.017610611786077257,0.272766804512468
2025-06-30 04:00:00+00:00,158.391059639,158.6510547393,155.9512100794,157.9810943604,194580300,0.0,0.0,0.0015214185023599835,0.27167329063420953
2025-07-01 04:00:00+00:00,156.2811883642,157.1911407594,151.4814709885,153.2913665771,213143600,0.0,0.0,-0.029685373444757746,0.29014165000422243
2025-07-02 04:00:00+00:00,152.9713711031,157.5911210146,152.9613771597,157.2411346436,171224100,0.0,0.0,0.025766409124635237,0.296525627731954
2025-07-03 04:00:00+00:00,158.3610624025,160.9709157981,157.7611053997,159.3310089111,143716100,0.0,0.0,0.01329088773263365,0.29442368195816054
2025-07-07 04:00:00+00:00,158.1910728135,159.3010108082,157.3311207162,158.2310791016,140139000,0.0,0.0,-0.006903425874330238,0.28740148012174865
2025-07-08 04:00:00+00:00,159.3210216493,160.2109708766,158.3810721884,159.9909820557,138133000,0.0,0.0,0.011122359552196315,0.28771537522520335
2025-07-09 04:00:00+00:00,161.2109090474,164.4107255284,161.1509148724,162.8708190918,183656400,0.0,0.0,0.017999995994133045,0.28441326086192825
2025-07-10 04:00:00+00:00,164.3107481013,164.4907306347,161.6008940928,164.0907592773,167704100,0.0,0.0,0.007490231781866363,0.2746197701643832
2025-07-11 04:00:00+00:00,163.7107762333,167.8805394391,163.4607903199,164.9107055664,193633300,0.0,0.0,0.004996907154986907,0.2724511670020302
2025-07-14 04:00:00+00:00,165.360675025,165.4806786373,162.0108729825,164.060760498,136975800,0.0,0.0,-0.005153971450675532,0.2634056920580632
2025-07-15 04:00:00+00:00,171.1803465069,172.3902697126,169.1904532595,170.6903686523,230627400,0.0,0.0,0.04040946862720918,0.2607035271505819
2025-07-16 04:00:00+00:00,171.0503562173,171.7403197686,168.890474298,171.3603363037,158831500,0.0,0.0,0.003925046601573223,0.25962019757807037
2025-07-17 04:00:00+00:00,172.0103091393,174.1501879175,170.820373767,172.9902496338,160841100,0.0,0.0,0.009511613744801029,0.25241505443459666
2025-07-18 04:00:00+00:00,173.6302101983,174.2401764191,171.2503394915,172.4002838135,146456400,0.0,0.0,-0.003410399265559083,0.2541373826770686
2025-07-21 04:00:00+00:00,172.7402639749,173.3702333512,170.9903626032,171.3703460693,123126100,0.0,0.0,-0.005974107010834007,0.24978594536284338
2025-07-22 04:00:00+00:00,171.3303387313,171.3803389647,164.5707252527,167.0205841064,193114300,0.0,0.0,-0.02538223247294502,0.26602502062474226
2025-07-23 04:00:00+00:00,169.5204409563,171.2503391496,167.9605313479,170.7703704834,154082200,0.0,0.0,0.02245104336727266,0.270459386254522
2025-07-24 04:00:00+00:00,172.4302795981,173.8202006141,171.2903444861,173.7302093506,128984600,0.0,0.0,0.017332274087252797,0.2722623144504244
2025-07-25 04:00:00+00:00,173.6002135254,174.7101515606,172.9502562716,173.4902191162,122316800,0.0,0.0,-0.0013813961043223077,0.2699819447624679
2025-07-28 04:00:00+00:00,174.0101941822,176.9900219174,173.9601939493,176.7400360107,140023500,0.0,0.0,0.01873198910610263,0.27114806773168254
2025-07-29 04:00:00+00:00,177.9499655206,179.3698835677,175.0101289655,175.5000915527,154077500,0.0,0.0,-0.007015639953388497,0.2616627392660222
2025-07-30 04:00:00+00:00,176.5000487066,179.8798631365,176.030073969,179.2599029541,174312200,0.0,0.0,0.021423415612697783,0.26264066952504045
2025-07-31 04:00:00+00:00,182.8896853737,183.2896719838,175.9200769929,177.8599700928,221685400,0.0,0.0,-0.00780951477843006,0.26431400061073346
2025-08-01 04:00:00+00:00,174.0801793311,176.530038123,170.880362832,173.7102050781,204529000,0.0,0.0,-0.023331641248645507,0.2785522791427953
2025-08-04 04:00:00+00:00,175.1501294113,180.1898385791,174.5101661002,179.9898529053,148174600,0.0,0.0,0.03615013766391395,0.28671237232755736
2025-08-05 04:00:00+00:00,179.6098628584,180.249826146,175.8900714807,178.2499389648,156407600,0.0,0.0,-0.00966673349866809,0.29071384962027014
2025-08-06 04:00:00+00:00,176.320059483,179.8898502548,176.2400621629,179.4098815918,137192300,0.0,0.0,0.006507394245049758,0.285308607475316
2025-08-07 04:00:00+00:00,181.5597693443,183.8696366517,178.7899212609,180.7598114014,151878400,0.0,0.0,0.007524277913918853,0.2632810535155138
2025-08-08 04:00:00+00:00,181.5397681999,183.2896695439,180.3898238762,182.6896972656,123396700,0.0,0.0,0.010676520678119417,0.2637049779373208
2025-08-11 04:00:00+00:00,182.0397344505,183.8296267713,180.2398329286,182.0497283936,138323200,0.0,0.0,-0.0035030375635775046,0.2624626385788609
2025-08-12 04:00:00+00:00,182.9496877935,184.46959108,179.449885193,183.1496734619,145485700,0.0,0.0,0.006042003347139779,0.26228086399313916
2025-08-13 04:00:00+00:00,182.609698395,183.9596283807,179.3398937541,181.5797576904,179871700,0.0,0.0,-0.008571763966735091,0.2445041588385453
2025-08-14 04:00:00+00:00,179.7398589036,183.0096786896,179.4498819782,182.0097351074,129554000,0.0,0.0,0.002367981004430808,0.2371743383796672
2025-08-15 04:00:00+00:00,181.8697466162,181.8897345025,178.0299516011,180.4398193359,156602200,0.0,0.0,-0.008625449460566537,0.2390116572063401
2025-08-18 04:00:00+00:00,180.5898164913,182.9296808045,180.5798072904,181.9997253418,132008000,0.0,0.0,0.008645020880873933,0.2369377791127995
2025-08-19 04:00:00+00:00,182.4197068875,182.4897102646,175.480110996,175.6300964355,185229200,0.0,0.0,-0.03499801383951362,0.26253682820518953
2025-08-20 04:00:00+00:00,175.160123439,175.990078481,168.7904874129,175.3901062012,215142700,0.0,0.0,-0.0013664527844071683,0.25905606003291387
2025-08-21 04:00:00+00:00,174.8401410011,176.8900131329,173.8001911338,174.970123291,140040900,0.0,0.0,-0.002394564432946056,0.2590186734158344
2025-08-22 04:00:00+00:00,172.6002638092,178.5799222097,171.1903396843,177.97996521,172789400,0.0,0.0,0.0172020334808487,0.2625268188713082
2025-08-25 04:00:00+00:00,178.3399565344,181.8997534962,176.5600580535,179.7998657227,163012800,0.0,0.0,0.010225311093597922,0.2623242241014792
2025-08-26 04:00:00+00:00,180.0498401163,182.3797105086,178.7999106306,181.7597503662,168688200,0.0,0.0,0.010900367670589217,0.2388317266077185
2025-08-27 04:00:00+00:00,181.9697356562,182.4797166673,179.0899084066,181.5897674561,235518900,0.0,0.0,-0.0009352065556732514,0.2389431526928461
2025-08-28 04:00:00+00:00,180.8098083074,184.4595963287,176.4000533883,180.1598358154,281787800,0.0,0.0,-0.007874516613639582,0.23953414741990517
2025-08-29 04:00:00+00:00,178.0999522321,178.139943262,173.1402253455,174.1701660156,243257900,0.0,0.0,-0.03324642128302835,0.25958050510346753
2025-09-02 04:00:00+00:00,169.9904156792,172.3702863812,167.2105736316,170.7703704834,231164900,0.0,0.0,-0.019519964928410793,0.26540617490484303
2025-09-03 04:00:00+00:00,171.050359731,172.4002897727,168.8704898799,170.6103820801,164424900,0.0,0.0,-0.0009368627757093684,0.2543004230276474
2025-09-04 04:00:00+00:00,170.5603946798,171.8503152671,169.4004563909,171.6503295898,141670100,0.0,0.0,0.006095452674220958,0.24651767604644315
2025-09-05 04:00:00+00:00,168.0205271745,169.020470806,164.0607589384,167.0105895996,224441400,0.0,0.0,-0.027030183986758383,0.2533014616535466
2025-09-08 04:00:00+00:00,167.5405549409,170.9503663136,167.3405692704,168.3005065918,163769100,0.0,0.0,0.007723564088316426,0.2546130169697885
2025-09-09 04:00:00+00:00,169.0804622048,170.9703550269,166.7306038642,170.7503662109,157548400,0.0,0.0,0.014556460159932616,0.25209231328469195
2025-09-10 04:00:00+00:00,176.6300437721,179.2798883121,175.4601115455,177.3200073242,226852000,0.0,0.0,0.03847512165909839,0.276040457896093
2025-09-11 04:00:00+00:00,179.6799926758,180.2799987793,176.4799957275,177.1699981689,151159300,0.01,0.0,-0.0008459798618534187,0.2688166329722363
2025-09-12 04:00:00+00:00,177.7700042725,178.6000061035,176.4499969482,177.8200073242,124911000,0.0,0.0,0.0036688443981374164,0.268069987025719
2025-09-15 04:00:00+00:00,175.6699981689,178.8500061035,174.5099945068,177.75,147061600,0.0,0.0,-0.000393697679206384,0.2587046746266875
2025-09-16 04:00:00+00:00,177.0,177.5,174.3800048828,174.8800048828,140737800,0.0,0.0,-0.016146245385091462,0.24053877188235062
2025-09-17 04:00:00+00:00,172.6399993896,173.1999969482,168.4100036621,170.2899932861,211843800,0.0,0.0,-0.02624663465543753,0.25041775346879463
2025-09-18 04:00:00+00:00,173.9799957275,177.1000061035,172.9600067139,176.2400054932,191763300,0.0,0.0,0.03494046885716595,0.27093867912419733
2025-09-19 04:00:00+00:00,175.7700042725,178.0800018311,175.1799926758,176.6699981689,237182100,0.0,0.0,0.0024398131088154695,0.270037053180716
2025-09-22 04:00:00+00:00,175.3000030518,184.5500030518,174.7100067139,183.6100006104,269637000,0.0,0.0,0.03928229191956634,0.2922515294919956
2025-09-23 04:00:00+00:00,181.9700012207,182.4199981689,176.2100067139,178.4299926758,192559600,0.0,0.0,-0.028212014146176023,0.30362125390443157
2025-09-24 04:00:00+00:00,179.7700042725,179.7799987793,175.3999938965,176.9700012207,143564100,0.0,0.0,-0.0081824329710799,0.3037598410493293
2025-09-25 04:00:00+00:00,174.4799957275,180.2599945068,173.1300048828,177.6900024414,191586700,0.0,0.0,0.004068493053814626,0.30321858019091236
2025-09-26 04:00:00+00:00,178.1699981689,179.7700042725,174.9299926758,178.1900024414,148573700,0.0,0.0,0.0028138893192086734,0.30325856199424683
2025-09-29 04:00:00+00:00,180.4299926758,184.0,180.3200073242,181.8500061035,193063500,0.0,0.0,0.02053989343932816,0.3082334614903227
2025-09-30 04:00:00+00:00,182.0800018311,187.3500061035,181.4799957275,186.5800018311,236981000,0.0,0.0,0.026010423804483818,0.3162542190493256
2025-10-01 04:00:00+00:00,185.2400054932,188.1399993896,183.8999938965,187.2400054932,173844900,0.0,0.0,0.0035373762226535987,0.29726807105042075
2025-10-02 04:00:00+00:00,189.6000061035,191.0500030518,188.0599975586,188.8899993896,136805800,0.0,0.0,0.008812186754929119,0.29763924805623676
2025-10-03 04:00:00+00:00,189.1900024414,190.3600006104,185.3800048828,187.6199951172,137596900,0.0,0.0,-0.0067235125020066455,0.2985391540071899
2025-10-06 04:00:00+00:00,185.5,187.2299957275,183.3300018311,185.5399932861,157678100,0.0,0.0,-0.011086248189062564,0.2976903287643407
2025-10-07 04:00:00+00:00,186.2299957275,189.0599975586,184.0,185.0399932861,140088000,0.0,0.0,-0.002694836790411048,0.29677488967906024
2025-10-08 04:00:00+00:00,186.5700073242,189.6000061035,186.5399932861,189.1100006104,130168900,0.0,0.0,0.021995284651827207,0.30165211933087444
2025-10-09 04:00:00+00:00,192.2299957275,195.3000030518,191.0599975586,192.5700073242,182997200,0.0,0.0,0.018296265150610447,0.30543101007340023
2025-10-10 04:00:00+00:00,193.5099945068,195.6199951172,182.0500030518,183.1600036621,268774400,0.0,0.0,-0.048865364824221325,0.33842942987887664
2025-10-13 04:00:00+00:00,187.9700012207,190.1100006104,185.9600067139,188.3200073242,153482800,0.0,0.0,0.028172109406698675,0.33152802237453316
2025-10-14 04:00:00+00:00,184.7700042725,184.8000030518,179.6999969482,180.0299987793,205641400,0.0,0.0,-0.0440208592952549,0.35279604954607846
2025-10-15 04:00:00+00:00,184.8000030518,184.8699951172,177.2899932861,179.8300018311,214450500,0.0,0.0,-0.0011109090126983912,0.3528090061266341
2025-10-16 04:00:00+00:00,182.2299957275,183.2799987793,179.7700042725,181.8099975586,179723300,0.0,0.0,0.011010374839230952,0.35359200670647084
2025-10-17 04:00:00+00:00,180.1799926758,184.1000061035,179.75,183.2200012207,173135200,0.0,0.0,0.007755369237302467,0.3428484038921231
2025-10-20 04:00:00+00:00,183.1300048828,185.1999969482,181.7299957275,182.6399993896,128544700,0.0,0.0,-0.003165603248748705,0.34308526502113024
2025-10-21 04:00:00+00:00,182.7899932861,182.7899932861,179.8000030518,181.1600036621,124240200,0.0,0.0,-0.00810334938921542,0.34271303898320626
2025-10-22 04:00:00+00:00,181.1399993896,183.4400024414,176.7599945068,180.2799987793,162249600,0.0,0.0,-0.004857611310504217,0.3254337070834188
2025-10-23 04:00:00+00:00,180.4199981689,183.0299987793,179.7899932861,182.1600036621,111363700,0.0,0.0,0.010428249919734567,0.3265897532820426
2025-10-24 04:00:00+00:00,183.8399963379,187.4700012207,183.5,186.2599945068,131296700,0.0,0.0,0.02250763483901408,0.33237415841918316
2025-10-27 04:00:00+00:00,189.9900054932,192.0,188.4299926758,191.4900054932,153452700,0.0,0.0,0.028079089126189283,0.3409057263988421
2025-10-28 04:00:00+00:00,193.0500030518,203.1499938965,191.9100036621,201.0299987793,297986200,0.0,0.0,0.04981979744336473,0.3621503083363492
2025-10-29 04:00:00+00:00,207.9799957275,212.1900024414,204.7799987793,207.0399932861,308829600,0.0,0.0,0.029896008273859964,0.3566951275715654
2025-10-30 04:00:00+00:00,205.1499938965,206.1600036621,201.4100036621,202.8899993896,178864400,0.0,0.0,-0.02004440702799537,0.35456558577984226
2025-10-31 04:00:00+00:00,206.4499969482,207.9700012207,202.0700073242,202.4900054932,179802200,0.0,0.0,-0.001971481579197687,0.3550667494048385
2025-11-03 05:00:00+00:00,208.0800018311,211.3399963379,205.5599975586,206.8800048828,180267300,0.0,0.0,0.021680079364447602,0.34369501947362313
2025-11-04 05:00:00+00:00,203.0,203.9700012207,197.9299926758,198.6900024414,188919300,0.0,0.0,-0.039588177920044654,0.35443486780105016
2025-11-05 05:00:00+00:00,198.7700042725,202.9199981689,194.6499938965,195.2100067139,171350300,0.0,0.0,-0.017514699706777548,0.3581961764692789
2025-11-06 05:00:00+00:00,196.3549957275,197.6199951172,186.3800048828,189.3950042725,181119110,0.0,0.0,-0.029788444451633422,0.3709610446780153
